pc_name,ip
p1,172.30.2.1
p2,172.30.2.2
p3,172.30.2.3
p4,172.30.2.4
p5,172.30.2.5
p6,172.30.2.6
p7,172.30.2.7
p8,172.30.2.8
p9,172.30.2.9
p10,172.30.2.10
p11,172.30.2.11
p12,172.30.2.12
p13,172.30.2.13
p14,172.30.2.14
p15,172.30.2.15
p16,172.30.2.16
p17,172.30.2.17
p18,172.30.2.18
p19,172.30.2.19
p20,172.30.2.20
p21,172.30.2.21
p22,172.30.2.22
p23,172.30.2.23
p24,172.30.2.24
p25,172.30.2.25
p26,172.30.2.26
p27,172.30.2.27
p28,172.30.2.28
p29,172.30.2.29
p30,172.30.2.30
p31,172.30.2.31
p32,172.30.2.32
p33,172.30.2.33
p34,172.30.2.34
p35,172.30.2.35
p36,172.30.2.36
p37,172.30.2.37
p38,172.30.2.38
p39,172.30.2.39
p40,172.30.2.40
p41,172.30.2.41
p42,172.30.2.42
p43,172.30.2.43
p44,172.30.2.44
p45,172.30.2.45
p46,172.30.2.46
p47,172.30.2.47
p48,172.30.2.48
p49,172.30.2.49
p50,172.30.2.50
p51,172.30.2.51
p52,172.30.2.52
p53,172.30.2.53
p54,172.30.2.54
p55,172.30.2.55
p56,172.30.2.56
p57,172.30.2.57
p58,172.30.2.58
p59,172.30.2.59
p60,172.30.2.60
p61,172.30.2.61
p62,172.30.2.62
p63,172.30.2.63
p64,172.30.2.64
p65,172.30.2.65
p66,172.30.2.66
p67,172.30.2.67
p68,172.30.2.68
p69,172.30.2.69
p70,172.30.2.70
p71,172.30.2.71
p72,172.30.2.72
p73,172.30.2.73
p74,172.30.2.74
p75,172.30.2.75
p76,172.30.2.76
p77,172.30.2.77
p78,172.30.2.78
p79,172.30.2.79
p80,172.30.2.80
p81,172.30.2.81
p82,172.30.2.82
p83,172.30.2.83
p84,172.30.2.84
p85,172.30.2.85
p86,172.30.2.86
p87,172.30.2.87
p88,172.30.2.88
p89,172.30.2.89
p90,172.30.2.90
p91,172.30.2.91
p92,172.30.2.92
p93,172.30.2.93
p94,172.30.2.94
p95,172.30.2.95
p96,172.30.2.96
p97,172.30.2.97
p98,172.30.2.98
p99,172.30.2.99
p100,172.30.2.100
